timestamp,simple-path,time,,time,
00:59.7,/master/welcome,3532,,,
01:00.1,/master/welcome,270,,Media,454.4310345
01:01.9,/master/sign-in,1703,,Error típico,6.388694147
01:03.2,/master/welcome,613,,Mediana,587
01:10.9,/master/welcome,238,,Moda,600
01:11.6,/master/welcome,596,,Desviación estándar,233.3404397
01:11.9,/master/welcome,238,,Varianza de la muestra,54447.76081
01:12.2,/master/welcome,226,,Curtosis,23.66465432
01:12.9,/master/sign-in,601,,Coeficiente de asimetría,2.060203754
01:14.3,/master/welcome,612,,Rango,3364
01:14.9,/administrator/configuration/show,530,,Mínimo,168
01:15.1,/master/welcome,209,,Máximo,3532
01:15.8,/master/welcome,617,,Suma,606211
01:16.1,/master/welcome,206,,Cuenta,1334
01:16.6,/administrator/configuration/show,397,,Nivel de confianza(95.0%),12.53299022
01:20.3,/master/welcome,332,,,
01:20.6,/master/welcome,255,,,
01:21.3,/master/sign-in,644,,,
01:22.6,/master/welcome,602,,,
01:29.7,/master/welcome,210,,,
01:30.4,/master/welcome,598,,,
01:30.7,/master/welcome,191,,,
01:31.0,/master/welcome,206,,,
01:31.7,/master/sign-in,588,,,
01:33.0,/master/welcome,601,,,
01:33.3,/administrator/configuration/show,252,,,
01:35.3,/master/welcome,1680,,,
02:05.5,/administrator/configuration/show,243,,,
02:05.9,/master/welcome,208,,,
02:06.6,/master/welcome,598,,,
02:06.9,/master/welcome,190,,,
02:07.1,/master/welcome,193,,,
02:07.8,/master/sign-in,596,,,
02:09.1,/master/welcome,607,,,
02:09.4,/administrator/configuration/show,239,,,
02:10.7,/master/welcome,1152,,,
02:41.1,/administrator/configuration/show,250,,,
02:41.5,/master/welcome,220,,,
02:42.2,/master/welcome,601,,,
02:42.5,/master/welcome,219,,,
02:42.7,/master/welcome,178,,,
02:43.4,/master/sign-in,598,,,
02:44.7,/master/welcome,602,,,
02:45.1,/administrator/configuration/show,267,,,
02:46.4,/master/welcome,1147,,,
03:16.7,/administrator/configuration/show,251,,,
03:17.1,/master/welcome,209,,,
03:17.8,/master/welcome,612,,,
03:18.1,/master/welcome,202,,,
03:18.3,/master/welcome,193,,,
03:19.1,/master/sign-in,601,,,
03:20.4,/master/welcome,612,,,
03:20.7,/administrator/configuration/show,256,,,
03:22.1,/master/welcome,1138,,,
03:52.4,/administrator/configuration/show,237,,,
03:52.7,/master/welcome,210,,,
03:53.4,/master/welcome,599,,,
03:53.7,/master/welcome,196,,,
03:53.9,/master/welcome,189,,,
03:54.6,/master/sign-in,611,,,
03:56.0,/master/welcome,607,,,
03:56.3,/administrator/configuration/show,238,,,
03:57.1,/master/welcome,584,,,
04:27.4,/administrator/configuration/show,251,,,
04:27.8,/master/welcome,224,,,
04:28.5,/master/welcome,599,,,
04:28.8,/master/welcome,206,,,
04:29.0,/master/welcome,177,,,
04:29.7,/master/sign-in,581,,,
04:31.0,/master/welcome,609,,,
04:31.3,/administrator/configuration/show,255,,,
04:33.1,/master/welcome,595,,,
05:03.4,/administrator/configuration/show,275,,,
05:03.8,/master/welcome,237,,,
05:04.5,/master/welcome,598,,,
05:04.8,/master/welcome,188,,,
05:05.0,/master/welcome,194,,,
05:05.8,/master/sign-in,615,,,
05:07.0,/master/welcome,600,,,
05:07.3,/administrator/configuration/show,221,,,
05:08.7,/master/welcome,1150,,,
05:39.0,/administrator/configuration/show,264,,,
05:39.4,/master/welcome,220,,,
05:40.1,/master/welcome,590,,,
05:40.3,/master/welcome,194,,,
05:40.6,/master/welcome,189,,,
05:41.3,/master/sign-in,595,,,
05:42.6,/master/welcome,600,,,
05:42.9,/administrator/configuration/show,234,,,
05:43.7,/master/welcome,588,,,
06:14.0,/administrator/configuration/show,244,,,
06:14.3,/master/welcome,206,,,
06:15.0,/master/welcome,596,,,
06:15.3,/master/welcome,199,,,
06:15.5,/master/welcome,176,,,
06:16.2,/master/sign-in,588,,,
06:17.5,/master/welcome,599,,,
06:17.8,/administrator/configuration/show,242,,,
06:18.6,/master/welcome,589,,,
06:48.9,/administrator/configuration/show,246,,,
06:49.3,/master/welcome,226,,,
06:50.0,/master/welcome,603,,,
06:50.3,/master/welcome,191,,,
06:50.5,/master/welcome,179,,,
06:51.2,/master/sign-in,619,,,
06:52.5,/master/welcome,612,,,
06:52.8,/administrator/configuration/show,239,,,
06:53.6,/administrator/configuration/create,601,,,
06:53.9,/master/welcome,219,,,
06:54.6,/master/welcome,614,,,
06:54.9,/master/welcome,206,,,
06:55.1,/master/welcome,175,,,
06:55.9,/master/sign-in,598,,,
06:57.1,/master/welcome,593,,,
06:57.4,/administrator/configuration/show,243,,,
06:58.3,/administrator/configuration/create,604,,,
06:58.5,/master/welcome,203,,,
06:59.2,/master/welcome,597,,,
06:59.5,/master/welcome,206,,,
06:59.7,/master/welcome,182,,,
07:00.4,/master/sign-in,597,,,
07:01.7,/master/welcome,594,,,
07:02.1,/administrator/configuration/show,242,,,
07:02.9,/administrator/configuration/create,611,,,
07:03.1,/master/welcome,191,,,
07:03.8,/master/welcome,596,,,
07:04.1,/master/welcome,193,,,
07:04.3,/master/welcome,189,,,
07:05.0,/master/sign-in,586,,,
07:06.3,/master/welcome,607,,,
07:06.7,/administrator/configuration/show,247,,,
07:07.5,/administrator/configuration/create,585,,,
07:07.7,/master/welcome,192,,,
07:08.4,/master/welcome,597,,,
07:11.9,/master/welcome,277,,,
07:12.2,/master/welcome,225,,,
07:13.0,/master/sign-in,629,,,
07:14.3,/master/welcome,610,,,
07:21.4,/master/welcome,205,,,
07:22.1,/master/welcome,599,,,
07:22.4,/master/welcome,192,,,
07:22.6,/master/welcome,223,,,
07:23.4,/master/sign-in,628,,,
07:24.7,/master/welcome,602,,,
07:29.7,/administrator/dashboard/show,404,,,
07:37.8,/master/welcome,202,,,
07:38.6,/master/welcome,613,,,
07:38.8,/master/welcome,191,,,
07:39.0,/master/welcome,174,,,
07:39.8,/master/sign-in,609,,,
07:41.1,/master/welcome,614,,,
07:41.4,/administrator/dashboard/show,252,,,
07:41.6,/master/welcome,203,,,
07:42.4,/master/welcome,597,,,
07:42.6,/master/welcome,178,,,
07:42.9,/administrator/dashboard/show,224,,,
07:46.7,/master/welcome,289,,,
07:47.0,/master/welcome,238,,,
07:47.7,/master/sign-in,629,,,
07:49.0,/master/welcome,604,,,
07:56.1,/master/welcome,212,,,
07:56.9,/master/welcome,597,,,
07:57.2,/master/welcome,213,,,
07:57.6,/master/welcome,443,,,
07:58.4,/master/sign-in,595,,,
08:00.1,/master/welcome,579,,,
08:01.0,/authenticated/task/list,671,,,
08:02.2,/master/welcome,207,,,
08:02.9,/master/welcome,601,,,
08:03.2,/master/welcome,208,,,
08:03.4,/master/welcome,177,,,
08:04.1,/master/sign-in,588,,,
08:05.4,/master/welcome,583,,,
08:06.2,/authenticated/task/list,616,,,
08:07.4,/master/welcome,211,,,
08:08.1,/master/welcome,580,,,
08:08.3,/master/welcome,176,,,
08:08.5,/master/welcome,194,,,
08:09.3,/master/sign-in,616,,,
08:10.5,/master/welcome,593,,,
08:11.4,/authenticated/task/list,594,,,
08:12.5,/master/welcome,191,,,
08:13.3,/master/welcome,617,,,
08:13.5,/master/welcome,203,,,
08:13.7,/master/welcome,173,,,
08:14.4,/master/sign-in,606,,,
08:15.7,/master/welcome,598,,,
08:16.5,/authenticated/task/list,589,,,
08:17.7,/master/welcome,197,,,
08:18.4,/master/welcome,586,,,
08:18.7,/master/welcome,217,,,
08:19.0,/master/welcome,209,,,
08:19.7,/master/sign-in,600,,,
08:20.9,/master/welcome,595,,,
08:21.8,/authenticated/task/list,587,,,
08:22.9,/master/welcome,208,,,
08:23.6,/master/welcome,599,,,
08:23.9,/master/welcome,209,,,
08:24.1,/master/welcome,190,,,
08:24.8,/master/sign-in,585,,,
08:26.1,/master/welcome,596,,,
08:26.9,/authenticated/task/list,587,,,
08:28.2,/master/welcome,204,,,
08:28.9,/master/welcome,595,,,
08:29.2,/master/welcome,193,,,
08:29.4,/authenticated/task/list,260,,,
08:33.2,/master/welcome,287,,,
08:33.4,/master/welcome,235,,,
08:34.2,/master/sign-in,630,,,
08:35.5,/master/welcome,597,,,
08:43.1,/master/welcome,204,,,
08:43.8,/master/welcome,594,,,
08:44.1,/master/welcome,223,,,
08:44.3,/master/welcome,199,,,
08:45.0,/master/sign-in,601,,,
08:46.3,/master/welcome,610,,,
08:47.2,/authenticated/task/list,597,,,
08:49.0,/authenticated/task/show,591,,,
08:49.6,/master/welcome,209,,,
08:50.3,/master/welcome,588,,,
08:50.5,/master/welcome,188,,,
08:50.7,/master/welcome,176,,,
08:51.4,/master/sign-in,588,,,
08:52.7,/master/welcome,618,,,
08:53.6,/authenticated/task/list,599,,,
08:55.3,/authenticated/task/show,586,,,
08:55.9,/master/welcome,193,,,
08:56.6,/master/welcome,612,,,
08:56.9,/master/welcome,198,,,
08:57.1,/master/welcome,169,,,
08:57.9,/master/sign-in,594,,,
08:59.2,/master/welcome,608,,,
09:00.0,/authenticated/task/list,598,,,
09:01.8,/authenticated/task/show,601,,,
09:02.4,/master/welcome,208,,,
09:03.2,/master/welcome,601,,,
09:03.4,/master/welcome,202,,,
09:03.7,/master/welcome,174,,,
09:04.4,/master/sign-in,599,,,
09:05.7,/master/welcome,597,,,
09:06.5,/authenticated/task/list,590,,,
09:08.3,/authenticated/task/show,602,,,
09:08.9,/master/welcome,206,,,
09:09.6,/master/welcome,581,,,
09:09.9,/master/welcome,207,,,
09:10.1,/master/welcome,177,,,
09:10.8,/master/sign-in,596,,,
09:12.1,/master/welcome,612,,,
09:13.0,/authenticated/task/list,587,,,
09:14.8,/authenticated/task/show,600,,,
09:15.3,/master/welcome,203,,,
09:16.1,/master/welcome,609,,,
09:16.3,/master/welcome,191,,,
09:16.6,/master/welcome,189,,,
09:17.3,/master/sign-in,600,,,
09:18.6,/master/welcome,589,,,
09:19.4,/authenticated/task/list,585,,,
09:21.2,/authenticated/task/show,599,,,
09:21.7,/master/welcome,197,,,
09:22.5,/master/welcome,610,,,
09:22.7,/master/welcome,188,,,
09:23.0,/authenticated/task/list,241,,,
09:26.8,/master/welcome,288,,,
09:27.1,/master/welcome,209,,,
09:27.8,/master/sign-in,625,,,
09:29.1,/master/welcome,594,,,
09:36.2,/master/welcome,203,,,
09:36.9,/master/welcome,597,,,
09:37.2,/master/welcome,197,,,
09:37.4,/master/welcome,205,,,
09:38.1,/master/sign-in,585,,,
09:39.4,/master/welcome,607,,,
09:40.3,/manager/task/list,591,,,
09:41.1,/manager/task/show,585,,,
09:41.8,/manager/task/list,602,,,
09:42.5,/manager/task/list,584,,,
09:42.8,/master/welcome,189,,,
09:43.5,/master/welcome,587,,,
09:43.7,/master/welcome,188,,,
09:43.9,/master/welcome,176,,,
09:44.6,/master/sign-in,591,,,
09:45.9,/master/welcome,614,,,
09:46.8,/manager/task/list,585,,,
09:47.6,/manager/task/show,614,,,
09:47.9,/master/welcome,188,,,
09:48.6,/master/welcome,612,,,
09:48.8,/master/welcome,188,,,
09:49.5,/master/sign-in,598,,,
09:50.8,/master/welcome,610,,,
09:51.2,/manager/task/show,246,,,
09:51.4,/master/welcome,183,,,
09:52.1,/master/welcome,587,,,
09:55.8,/master/welcome,285,,,
09:56.1,/master/welcome,222,,,
09:56.9,/master/sign-in,632,,,
09:58.1,/master/welcome,602,,,
10:05.8,/master/welcome,218,,,
10:06.5,/master/welcome,610,,,
10:06.7,/master/welcome,178,,,
10:06.9,/master/welcome,178,,,
10:07.6,/master/sign-in,585,,,
10:08.9,/master/welcome,613,,,
10:09.8,/manager/task/list,601,,,
10:11.0,/master/welcome,192,,,
10:11.7,/master/welcome,624,,,
10:12.0,/master/welcome,208,,,
10:12.2,/master/welcome,177,,,
10:12.9,/master/sign-in,595,,,
10:14.2,/master/welcome,612,,,
10:15.0,/manager/task/list,587,,,
10:16.2,/master/welcome,193,,,
10:16.9,/master/welcome,595,,,
10:17.2,/master/welcome,189,,,
10:17.4,/master/welcome,180,,,
10:18.1,/master/sign-in,590,,,
10:19.4,/master/welcome,596,,,
10:20.2,/manager/task/list,589,,,
10:21.4,/master/welcome,179,,,
10:22.1,/master/welcome,599,,,
10:22.3,/master/welcome,179,,,
10:22.5,/master/welcome,175,,,
10:23.3,/master/sign-in,612,,,
10:24.6,/master/welcome,611,,,
10:25.4,/manager/task/list,587,,,
10:26.5,/master/welcome,206,,,
10:27.2,/master/welcome,597,,,
10:27.5,/master/welcome,188,,,
10:27.8,/master/welcome,186,,,
10:28.4,/master/sign-in,586,,,
10:29.7,/master/welcome,597,,,
10:30.5,/manager/task/list,588,,,
10:31.7,/master/welcome,189,,,
10:32.4,/master/welcome,603,,,
10:32.7,/master/welcome,176,,,
10:32.9,/master/welcome,173,,,
10:33.6,/master/sign-in,609,,,
10:34.9,/master/welcome,612,,,
10:35.7,/manager/task/list,585,,,
10:36.9,/master/welcome,176,,,
10:37.6,/master/welcome,586,,,
10:37.8,/master/welcome,178,,,
10:38.0,/master/welcome,190,,,
10:38.8,/master/sign-in,598,,,
10:40.1,/master/welcome,595,,,
10:40.9,/manager/task/list,591,,,
10:41.2,/master/welcome,195,,,
10:41.9,/master/welcome,611,,,
10:42.2,/manager/task/list,244,,,
10:45.9,/master/welcome,284,,,
10:46.1,/master/welcome,226,,,
10:46.9,/master/sign-in,616,,,
10:48.1,/master/welcome,599,,,
10:56.3,/master/welcome,219,,,
10:57.1,/master/welcome,603,,,
10:57.3,/master/welcome,196,,,
10:57.5,/master/welcome,175,,,
10:58.3,/master/sign-in,600,,,
10:59.5,/master/welcome,607,,,
11:00.4,/manager/task/create,586,,,
11:02.3,/master/welcome,1133,,,
11:33.1,/manager/task/list,587,,,
11:34.0,/manager/task/show,601,,,
11:34.6,/master/welcome,191,,,
11:35.3,/master/welcome,602,,,
11:35.5,/master/welcome,192,,,
11:35.7,/master/welcome,182,,,
11:36.5,/master/sign-in,596,,,
11:37.7,/master/welcome,599,,,
11:38.6,/manager/task/create,588,,,
11:40.5,/master/welcome,1144,,,
12:11.3,/manager/task/list,589,,,
12:12.2,/manager/task/show,614,,,
12:12.7,/master/welcome,192,,,
12:13.4,/master/welcome,584,,,
12:13.7,/master/welcome,209,,,
12:13.9,/master/welcome,191,,,
12:14.6,/master/sign-in,588,,,
12:15.9,/master/welcome,611,,,
12:16.7,/manager/task/create,587,,,
12:18.7,/master/welcome,1175,,,
12:49.5,/manager/task/list,586,,,
12:50.3,/manager/task/show,581,,,
12:50.9,/master/welcome,206,,,
12:51.6,/master/welcome,590,,,
12:51.9,/master/welcome,207,,,
12:52.1,/master/welcome,211,,,
12:52.9,/master/sign-in,600,,,
12:54.2,/master/welcome,599,,,
12:55.0,/manager/task/create,588,,,
12:56.5,/master/welcome,585,,,
13:27.3,/manager/task/list,590,,,
13:28.1,/manager/task/show,587,,,
13:28.7,/master/welcome,207,,,
13:29.4,/master/welcome,616,,,
13:29.7,/master/welcome,190,,,
13:29.9,/master/welcome,176,,,
13:30.6,/master/sign-in,593,,,
13:31.9,/master/welcome,610,,,
13:32.7,/manager/task/create,599,,,
13:34.1,/master/welcome,586,,,
14:04.9,/manager/task/list,588,,,
14:05.7,/manager/task/show,590,,,
14:06.3,/master/welcome,197,,,
14:07.0,/master/welcome,597,,,
14:07.3,/master/welcome,207,,,
14:07.5,/master/welcome,199,,,
14:08.2,/master/sign-in,582,,,
14:09.5,/master/welcome,601,,,
14:10.4,/manager/task/create,588,,,
14:11.8,/master/welcome,584,,,
14:42.6,/manager/task/list,599,,,
14:43.4,/manager/task/show,587,,,
14:44.0,/master/welcome,175,,,
14:44.7,/master/welcome,601,,,
14:45.0,/master/welcome,205,,,
14:45.2,/master/welcome,168,,,
14:45.9,/master/sign-in,584,,,
14:47.2,/master/welcome,611,,,
14:48.0,/manager/task/create,590,,,
14:49.4,/master/welcome,587,,,
15:20.3,/manager/task/list,586,,,
15:21.1,/manager/task/show,612,,,
15:21.7,/master/welcome,196,,,
15:22.4,/master/welcome,597,,,
15:22.6,/master/welcome,189,,,
15:22.9,/master/welcome,190,,,
15:23.6,/master/sign-in,584,,,
15:24.9,/master/welcome,611,,,
15:25.7,/manager/task/create,584,,,
15:27.1,/master/welcome,582,,,
15:57.9,/manager/task/list,603,,,
15:58.8,/manager/task/show,602,,,
15:59.3,/master/welcome,192,,,
16:00.1,/master/welcome,611,,,
16:00.3,/master/welcome,208,,,
16:00.6,/master/welcome,189,,,
16:01.3,/master/sign-in,611,,,
16:02.6,/master/welcome,610,,,
16:03.4,/manager/task/create,601,,,
16:04.8,/master/welcome,581,,,
16:35.7,/manager/task/list,586,,,
16:36.5,/manager/task/show,587,,,
16:37.0,/master/welcome,194,,,
16:37.8,/master/welcome,599,,,
16:38.0,/master/welcome,193,,,
16:38.3,/master/welcome,191,,,
16:39.0,/master/sign-in,613,,,
16:40.3,/master/welcome,613,,,
16:41.1,/manager/task/create,587,,,
16:42.4,/manager/task/create,599,,,
16:42.6,/master/welcome,173,,,
16:43.3,/master/welcome,598,,,
16:43.6,/master/welcome,209,,,
16:43.8,/master/welcome,204,,,
16:44.5,/master/sign-in,593,,,
16:45.8,/master/welcome,614,,,
16:46.7,/manager/task/create,584,,,
16:48.1,/manager/task/create,632,,,
16:48.3,/master/welcome,175,,,
16:49.0,/master/welcome,600,,,
16:49.3,/master/welcome,191,,,
16:49.5,/master/welcome,177,,,
16:50.2,/master/sign-in,598,,,
16:51.5,/master/welcome,612,,,
16:52.4,/manager/task/create,647,,,
16:53.8,/manager/task/create,604,,,
16:54.1,/master/welcome,191,,,
16:54.8,/master/welcome,586,,,
16:55.0,/master/welcome,191,,,
16:55.2,/master/welcome,190,,,
16:56.0,/master/sign-in,603,,,
16:57.3,/master/welcome,614,,,
16:58.1,/manager/task/create,599,,,
16:59.4,/manager/task/create,588,,,
16:59.7,/master/welcome,207,,,
17:00.4,/master/welcome,613,,,
17:00.7,/master/welcome,191,,,
17:00.9,/master/welcome,174,,,
17:01.7,/master/sign-in,602,,,
17:02.9,/master/welcome,595,,,
17:03.7,/manager/task/create,585,,,
17:05.3,/manager/task/create,586,,,
17:05.5,/master/welcome,192,,,
17:06.3,/master/welcome,601,,,
17:06.5,/master/welcome,177,,,
17:06.7,/master/welcome,177,,,
17:07.4,/master/sign-in,582,,,
17:08.7,/master/welcome,611,,,
17:09.5,/manager/task/create,585,,,
17:10.9,/manager/task/create,585,,,
17:11.1,/master/welcome,176,,,
17:11.8,/master/welcome,598,,,
17:12.1,/master/welcome,205,,,
17:12.3,/master/welcome,191,,,
17:13.0,/master/sign-in,599,,,
17:14.3,/master/welcome,588,,,
17:15.1,/manager/task/create,585,,,
17:16.6,/manager/task/create,588,,,
17:16.8,/master/welcome,192,,,
17:17.5,/master/welcome,605,,,
17:17.8,/master/welcome,213,,,
17:18.0,/master/welcome,193,,,
17:18.7,/master/sign-in,593,,,
17:20.0,/master/welcome,601,,,
17:20.8,/manager/task/create,597,,,
17:22.2,/manager/task/create,588,,,
17:22.5,/master/welcome,192,,,
17:23.2,/master/welcome,586,,,
17:23.5,/master/welcome,193,,,
17:23.7,/master/welcome,175,,,
17:24.4,/master/sign-in,595,,,
17:25.7,/master/welcome,607,,,
17:26.5,/manager/task/create,585,,,
17:27.9,/manager/task/create,586,,,
17:28.1,/master/welcome,209,,,
17:28.9,/master/welcome,601,,,
17:29.1,/master/welcome,189,,,
17:29.3,/master/welcome,182,,,
17:30.0,/master/sign-in,584,,,
17:31.3,/master/welcome,597,,,
17:32.1,/manager/task/create,584,,,
17:33.5,/manager/task/create,586,,,
17:33.8,/master/welcome,190,,,
17:34.5,/master/welcome,603,,,
17:34.7,/master/welcome,179,,,
17:34.9,/master/welcome,175,,,
17:35.6,/master/sign-in,595,,,
17:36.9,/master/welcome,614,,,
17:37.8,/manager/task/create,579,,,
17:39.2,/manager/task/create,599,,,
17:39.4,/master/welcome,189,,,
17:40.2,/master/welcome,602,,,
17:40.4,/master/welcome,175,,,
17:40.6,/master/welcome,202,,,
17:41.3,/master/sign-in,609,,,
17:42.6,/master/welcome,613,,,
17:43.5,/manager/task/create,587,,,
17:44.9,/manager/task/create,601,,,
17:45.1,/master/welcome,194,,,
17:45.8,/master/welcome,584,,,
17:46.1,/master/welcome,182,,,
17:46.3,/master/welcome,197,,,
17:47.0,/master/sign-in,582,,,
17:48.3,/master/welcome,611,,,
17:49.1,/manager/task/create,587,,,
17:50.6,/manager/task/create,616,,,
17:50.8,/master/welcome,181,,,
17:51.5,/master/welcome,600,,,
17:51.8,/master/welcome,176,,,
17:52.0,/master/welcome,188,,,
17:52.7,/master/sign-in,584,,,
17:54.0,/master/welcome,600,,,
17:54.8,/manager/task/create,601,,,
17:56.2,/manager/task/create,585,,,
17:56.5,/master/welcome,202,,,
17:57.1,/master/welcome,585,,,
17:57.4,/master/welcome,176,,,
17:57.6,/master/welcome,177,,,
17:58.3,/master/sign-in,608,,,
17:59.6,/master/welcome,598,,,
18:00.4,/manager/task/create,601,,,
18:01.8,/manager/task/create,598,,,
18:02.1,/master/welcome,209,,,
18:02.8,/master/welcome,611,,,
18:03.1,/master/welcome,190,,,
18:03.3,/master/welcome,176,,,
18:04.0,/master/sign-in,613,,,
18:05.3,/master/welcome,596,,,
18:06.2,/manager/task/create,602,,,
18:07.6,/manager/task/create,605,,,
18:07.9,/master/welcome,189,,,
18:08.6,/master/welcome,583,,,
18:08.8,/master/welcome,188,,,
18:09.0,/master/welcome,177,,,
18:09.7,/master/sign-in,580,,,
18:11.0,/master/welcome,612,,,
18:11.9,/manager/task/create,600,,,
18:13.2,/manager/task/create,584,,,
18:13.5,/master/welcome,186,,,
18:14.2,/master/welcome,602,,,
18:14.5,/master/welcome,193,,,
18:14.7,/master/welcome,176,,,
18:15.4,/master/sign-in,598,,,
18:16.7,/master/welcome,612,,,
18:17.5,/manager/task/create,583,,,
18:19.0,/manager/task/create,616,,,
18:19.2,/master/welcome,201,,,
18:19.9,/master/welcome,603,,,
18:20.2,/master/welcome,215,,,
18:20.5,/master/welcome,204,,,
18:21.2,/master/sign-in,585,,,
18:22.5,/master/welcome,602,,,
18:23.3,/manager/task/create,597,,,
18:24.7,/manager/task/create,598,,,
18:25.0,/master/welcome,187,,,
18:25.7,/master/welcome,599,,,
18:25.9,/master/welcome,182,,,
18:26.1,/master/welcome,175,,,
18:26.8,/master/sign-in,583,,,
18:28.1,/master/welcome,598,,,
18:29.0,/manager/task/create,586,,,
18:30.3,/manager/task/create,601,,,
18:30.6,/master/welcome,204,,,
18:31.3,/master/welcome,597,,,
18:34.8,/master/welcome,272,,,
18:35.0,/master/welcome,187,,,
18:35.7,/master/sign-in,614,,,
18:37.0,/master/welcome,598,,,
18:44.1,/master/welcome,204,,,
18:44.8,/master/welcome,612,,,
18:45.1,/master/welcome,208,,,
18:45.3,/master/welcome,175,,,
18:46.0,/master/sign-in,587,,,
18:47.3,/master/welcome,600,,,
18:48.2,/manager/task/list,589,,,
18:49.0,/manager/task/show,618,,,
18:51.4,/manager/task/list,582,,,
19:22.2,/manager/task/list,589,,,
19:23.0,/manager/task/show,584,,,
19:23.6,/master/welcome,190,,,
19:24.3,/master/welcome,598,,,
19:24.6,/master/welcome,191,,,
19:24.8,/master/welcome,189,,,
19:25.5,/master/sign-in,589,,,
19:26.8,/master/welcome,601,,,
19:27.6,/manager/task/list,590,,,
19:28.4,/manager/task/show,588,,,
19:31.4,/manager/task/list,1161,,,
20:02.2,/manager/task/list,589,,,
20:03.1,/manager/task/show,615,,,
20:03.7,/master/welcome,189,,,
20:04.4,/master/welcome,615,,,
20:04.6,/master/welcome,189,,,
20:04.8,/master/welcome,177,,,
20:05.6,/master/sign-in,613,,,
20:06.9,/master/welcome,614,,,
20:07.7,/manager/task/list,586,,,
20:08.5,/manager/task/show,602,,,
20:11.0,/manager/task/list,594,,,
20:41.8,/manager/task/list,582,,,
20:42.6,/manager/task/show,596,,,
20:43.2,/master/welcome,180,,,
20:43.9,/master/welcome,597,,,
20:44.2,/master/welcome,203,,,
20:44.4,/master/welcome,178,,,
20:45.1,/master/sign-in,587,,,
20:46.4,/master/welcome,599,,,
20:47.2,/manager/task/list,598,,,
20:48.1,/manager/task/show,586,,,
20:49.6,/manager/task/list,633,,,
21:20.5,/manager/task/list,585,,,
21:21.3,/manager/task/show,613,,,
21:21.9,/master/welcome,193,,,
21:22.6,/master/welcome,587,,,
21:22.9,/master/welcome,191,,,
21:23.1,/master/welcome,189,,,
21:23.8,/master/sign-in,595,,,
21:25.1,/master/welcome,595,,,
21:25.9,/manager/task/list,585,,,
21:26.7,/manager/task/show,615,,,
21:28.1,/manager/task/list,589,,,
21:59.0,/manager/task/list,589,,,
21:59.8,/manager/task/show,586,,,
22:00.4,/master/welcome,205,,,
22:01.1,/master/welcome,583,,,
22:01.3,/master/welcome,189,,,
22:01.5,/master/welcome,181,,,
22:02.3,/master/sign-in,616,,,
22:03.6,/master/welcome,612,,,
22:04.4,/manager/task/list,586,,,
22:05.2,/manager/task/show,588,,,
22:06.6,/manager/task/list,600,,,
22:37.4,/manager/task/list,599,,,
22:38.3,/manager/task/show,616,,,
22:38.8,/master/welcome,190,,,
22:39.6,/master/welcome,614,,,
22:39.8,/master/welcome,175,,,
22:40.0,/master/welcome,178,,,
22:40.7,/master/sign-in,584,,,
22:42.0,/master/welcome,614,,,
22:42.8,/manager/task/list,589,,,
22:43.6,/manager/task/show,589,,,
22:45.1,/manager/task/list,637,,,
23:15.9,/manager/task/list,590,,,
23:16.7,/manager/task/show,584,,,
23:17.3,/master/welcome,196,,,
23:18.0,/master/welcome,617,,,
23:18.3,/master/welcome,206,,,
23:18.5,/master/welcome,177,,,
23:19.2,/master/sign-in,611,,,
23:20.5,/master/welcome,612,,,
23:21.3,/manager/task/list,584,,,
23:22.2,/manager/task/show,583,,,
23:24.6,/manager/task/list,581,,,
23:55.4,/manager/task/list,584,,,
23:56.3,/manager/task/show,601,,,
23:56.8,/master/welcome,175,,,
23:57.5,/master/welcome,585,,,
23:57.8,/master/welcome,205,,,
23:58.0,/master/welcome,183,,,
23:58.7,/master/sign-in,597,,,
24:00.0,/master/welcome,611,,,
24:00.8,/manager/task/list,586,,,
24:01.7,/manager/task/show,597,,,
24:03.1,/manager/task/list,593,,,
24:33.9,/manager/task/list,616,,,
24:34.8,/manager/task/show,587,,,
24:35.3,/master/welcome,190,,,
24:36.1,/master/welcome,611,,,
24:36.3,/master/welcome,174,,,
24:36.5,/master/welcome,179,,,
24:37.2,/master/sign-in,603,,,
24:38.5,/master/welcome,598,,,
24:39.3,/manager/task/list,586,,,
24:40.2,/manager/task/show,586,,,
24:41.5,/manager/task/update,618,,,
24:41.8,/master/welcome,194,,,
24:42.5,/master/welcome,611,,,
24:42.8,/master/welcome,223,,,
24:43.0,/master/welcome,177,,,
24:43.7,/master/sign-in,608,,,
24:45.0,/master/welcome,596,,,
24:45.8,/manager/task/list,589,,,
24:46.7,/manager/task/show,613,,,
24:48.1,/manager/task/update,586,,,
24:48.3,/master/welcome,189,,,
24:49.1,/master/welcome,609,,,
24:49.3,/master/welcome,193,,,
24:49.5,/master/welcome,190,,,
24:50.2,/master/sign-in,609,,,
24:51.5,/master/welcome,600,,,
24:52.4,/manager/task/list,588,,,
24:53.2,/manager/task/show,617,,,
24:54.6,/manager/task/update,587,,,
24:54.9,/master/welcome,208,,,
24:55.6,/master/welcome,603,,,
24:55.9,/master/welcome,189,,,
24:56.1,/master/welcome,177,,,
24:56.8,/master/sign-in,600,,,
24:58.1,/master/welcome,595,,,
24:58.9,/manager/task/list,588,,,
24:59.8,/manager/task/show,599,,,
25:01.1,/manager/task/update,600,,,
25:01.4,/master/welcome,180,,,
25:02.1,/master/welcome,600,,,
25:02.4,/master/welcome,204,,,
25:02.6,/master/welcome,174,,,
25:03.3,/master/sign-in,605,,,
25:04.6,/master/welcome,582,,,
25:05.4,/manager/task/list,589,,,
25:06.2,/manager/task/show,586,,,
25:07.8,/manager/task/update,621,,,
25:08.0,/master/welcome,206,,,
25:08.8,/master/welcome,615,,,
25:09.0,/master/welcome,176,,,
25:09.2,/master/welcome,176,,,
25:09.9,/master/sign-in,599,,,
25:11.2,/master/welcome,600,,,
25:12.1,/manager/task/list,586,,,
25:12.9,/manager/task/show,585,,,
25:14.4,/manager/task/update,589,,,
25:14.7,/master/welcome,205,,,
25:15.4,/master/welcome,615,,,
25:15.7,/master/welcome,190,,,
25:15.9,/master/welcome,175,,,
25:16.6,/master/sign-in,599,,,
25:17.9,/master/welcome,610,,,
25:18.7,/manager/task/list,590,,,
25:19.6,/manager/task/show,595,,,
25:21.0,/manager/task/update,598,,,
25:21.2,/master/welcome,190,,,
25:22.0,/master/welcome,599,,,
25:22.2,/master/welcome,173,,,
25:22.4,/master/welcome,193,,,
25:23.1,/master/sign-in,601,,,
25:24.4,/master/welcome,613,,,
25:25.3,/manager/task/list,592,,,
25:26.2,/manager/task/show,613,,,
25:27.6,/manager/task/update,613,,,
25:27.9,/master/welcome,206,,,
25:28.6,/master/welcome,602,,,
25:28.8,/master/welcome,191,,,
25:29.0,/master/welcome,174,,,
25:29.7,/master/sign-in,586,,,
25:31.0,/master/welcome,610,,,
25:31.9,/manager/task/list,599,,,
25:32.7,/manager/task/show,598,,,
25:34.1,/manager/task/update,586,,,
25:34.4,/master/welcome,206,,,
25:35.1,/master/welcome,617,,,
25:35.4,/master/welcome,187,,,
25:35.6,/master/welcome,177,,,
25:36.3,/master/sign-in,600,,,
25:37.6,/master/welcome,611,,,
25:38.4,/manager/task/list,584,,,
25:39.3,/manager/task/show,601,,,
25:40.6,/manager/task/update,586,,,
25:40.9,/master/welcome,185,,,
25:41.6,/master/welcome,614,,,
25:41.9,/master/welcome,206,,,
25:42.1,/master/welcome,181,,,
25:42.8,/master/sign-in,598,,,
25:44.1,/master/welcome,600,,,
25:44.9,/manager/task/list,602,,,
25:45.8,/manager/task/show,585,,,
25:47.2,/manager/task/update,613,,,
25:47.4,/master/welcome,187,,,
25:48.1,/master/welcome,600,,,
25:48.4,/master/welcome,173,,,
25:48.6,/master/welcome,178,,,
25:49.3,/master/sign-in,595,,,
25:50.6,/master/welcome,610,,,
25:51.4,/manager/task/list,583,,,
25:52.3,/manager/task/show,615,,,
25:53.7,/manager/task/update,602,,,
25:53.9,/master/welcome,191,,,
25:54.6,/master/welcome,609,,,
25:54.9,/master/welcome,188,,,
25:55.1,/master/welcome,174,,,
25:55.8,/master/sign-in,586,,,
25:57.1,/master/welcome,597,,,
25:57.9,/manager/task/list,586,,,
25:58.7,/manager/task/show,586,,,
26:00.1,/manager/task/update,585,,,
26:00.4,/master/welcome,228,,,
26:01.1,/master/welcome,591,,,
26:01.4,/master/welcome,196,,,
26:01.6,/master/welcome,174,,,
26:02.3,/master/sign-in,596,,,
26:03.5,/master/welcome,595,,,
26:04.4,/manager/task/list,587,,,
26:05.3,/manager/task/show,603,,,
26:06.6,/manager/task/update,588,,,
26:06.9,/master/welcome,171,,,
26:07.6,/master/welcome,613,,,
26:07.9,/master/welcome,204,,,
26:08.1,/master/welcome,191,,,
26:08.8,/master/sign-in,612,,,
26:10.1,/master/welcome,600,,,
26:11.0,/manager/task/list,587,,,
26:11.8,/manager/task/show,614,,,
26:13.2,/manager/task/update,614,,,
26:13.5,/master/welcome,187,,,
26:14.2,/master/welcome,585,,,
26:14.4,/master/welcome,186,,,
26:14.7,/master/welcome,174,,,
26:15.4,/master/sign-in,591,,,
26:16.6,/master/welcome,599,,,
26:17.4,/manager/task/list,587,,,
26:18.3,/manager/task/show,602,,,
26:19.7,/manager/task/update,600,,,
26:19.9,/master/welcome,191,,,
26:20.7,/master/welcome,588,,,
26:20.9,/master/welcome,191,,,
26:21.2,/master/welcome,191,,,
26:21.9,/master/sign-in,586,,,
26:23.1,/master/welcome,589,,,
26:24.0,/manager/task/list,591,,,
26:24.8,/manager/task/show,592,,,
26:26.2,/manager/task/update,601,,,
26:26.5,/master/welcome,205,,,
26:27.2,/master/welcome,603,,,
26:27.4,/master/welcome,189,,,
26:27.7,/master/welcome,174,,,
26:28.3,/master/sign-in,578,,,
26:29.6,/master/welcome,580,,,
26:30.5,/manager/task/list,589,,,
26:31.3,/manager/task/show,601,,,
26:32.7,/manager/task/update,585,,,
26:32.9,/master/welcome,188,,,
26:33.6,/master/welcome,600,,,
26:33.9,/master/welcome,207,,,
26:34.1,/master/welcome,189,,,
26:34.8,/master/sign-in,600,,,
26:36.1,/master/welcome,578,,,
26:36.9,/manager/task/list,591,,,
26:37.8,/manager/task/show,620,,,
26:39.2,/manager/task/update,616,,,
26:39.5,/master/welcome,209,,,
26:40.2,/master/welcome,586,,,
26:40.5,/master/welcome,195,,,
26:40.7,/master/welcome,189,,,
26:41.4,/master/sign-in,587,,,
26:42.7,/master/welcome,600,,,
26:43.5,/manager/task/list,590,,,
26:44.3,/manager/task/show,597,,,
26:45.7,/manager/task/update,582,,,
26:46.0,/master/welcome,180,,,
26:46.7,/master/welcome,583,,,
26:50.2,/master/welcome,260,,,
26:50.4,/master/welcome,223,,,
26:51.2,/master/sign-in,600,,,
26:52.4,/master/welcome,587,,,
26:59.5,/master/welcome,193,,,
27:00.2,/master/welcome,597,,,
27:00.5,/master/welcome,178,,,
27:00.7,/master/welcome,190,,,
27:01.4,/master/sign-in,623,,,
27:02.7,/master/welcome,610,,,
27:03.5,/manager/task/list,589,,,
27:04.4,/manager/task/show,615,,,
27:05.0,/master/welcome,187,,,
27:05.7,/master/welcome,623,,,
27:06.0,/master/welcome,226,,,
27:06.2,/master/welcome,217,,,
27:07.0,/master/sign-in,610,,,
27:08.3,/master/welcome,597,,,
27:09.1,/manager/task/list,584,,,
27:09.9,/manager/task/show,581,,,
27:10.5,/master/welcome,190,,,
27:11.2,/master/welcome,587,,,
27:11.5,/master/welcome,189,,,
27:11.7,/master/welcome,176,,,
27:12.4,/master/sign-in,615,,,
27:13.7,/master/welcome,611,,,
27:14.5,/manager/task/list,594,,,
27:15.4,/manager/task/show,601,,,
27:15.9,/master/welcome,178,,,
27:16.7,/master/welcome,598,,,
27:16.9,/master/welcome,190,,,
27:17.2,/master/welcome,206,,,
27:17.9,/master/sign-in,581,,,
27:19.1,/master/welcome,598,,,
27:20.0,/manager/task/list,589,,,
27:20.8,/manager/task/show,588,,,
27:21.4,/master/welcome,191,,,
27:22.1,/master/welcome,602,,,
27:22.4,/master/welcome,188,,,
27:22.6,/master/welcome,179,,,
27:23.3,/master/sign-in,590,,,
27:24.6,/master/welcome,611,,,
27:25.4,/manager/task/list,589,,,
27:26.3,/manager/task/show,598,,,
27:26.8,/master/welcome,179,,,
27:27.5,/master/welcome,598,,,
27:27.8,/master/welcome,177,,,
27:28.0,/master/welcome,177,,,
27:28.7,/master/sign-in,596,,,
27:30.0,/master/welcome,599,,,
27:30.8,/manager/task/list,586,,,
27:31.7,/manager/task/show,612,,,
27:32.2,/master/welcome,179,,,
27:32.9,/master/welcome,580,,,
27:33.2,/master/welcome,178,,,
27:33.4,/master/welcome,182,,,
27:34.1,/master/sign-in,587,,,
27:35.4,/master/welcome,611,,,
27:36.2,/manager/task/list,603,,,
27:37.1,/manager/task/show,587,,,
27:37.3,/master/welcome,192,,,
27:38.0,/master/welcome,615,,,
27:38.3,/manager/task/show,252,,,
27:42.1,/master/welcome,280,,,
27:42.4,/master/welcome,227,,,
27:43.1,/master/sign-in,631,,,
27:44.4,/master/welcome,610,,,
27:51.5,/master/welcome,207,,,
27:52.2,/master/welcome,627,,,
27:52.5,/master/welcome,178,,,
27:53.9,/anonymous/shout/list,1149,,,
27:55.1,/master/welcome,193,,,
27:55.8,/anonymous/shout/list,590,,,
27:57.0,/master/welcome,177,,,
27:57.8,/anonymous/shout/list,598,,,
27:58.9,/master/welcome,179,,,
27:59.7,/anonymous/shout/list,588,,,
28:00.9,/master/welcome,180,,,
28:01.6,/anonymous/shout/list,598,,,
28:02.9,/master/welcome,194,,,
28:03.7,/anonymous/shout/list,584,,,
28:04.8,/master/welcome,196,,,
28:05.6,/anonymous/shout/list,589,,,
28:06.8,/master/welcome,189,,,
28:07.6,/anonymous/shout/list,588,,,
28:08.8,/master/welcome,193,,,
28:09.5,/anonymous/shout/list,586,,,
28:10.8,/master/welcome,180,,,
28:11.5,/anonymous/shout/list,584,,,
28:12.7,/master/welcome,199,,,
28:13.0,/master/welcome,191,,,
28:13.7,/master/sign-in,589,,,
28:14.9,/master/welcome,578,,,
28:15.3,/anonymous/shout/list,230,,,
28:15.5,/master/welcome,194,,,
28:16.2,/master/welcome,596,,,
28:20.0,/master/welcome,289,,,
28:20.3,/master/welcome,232,,,
28:21.0,/master/sign-in,610,,,
28:22.3,/master/welcome,612,,,
28:29.9,/master/welcome,215,,,
28:30.6,/master/welcome,602,,,
28:30.9,/master/welcome,225,,,
28:31.7,/anonymous/shout/create,591,,,
28:33.8,/master/welcome,1682,,,
29:04.6,/anonymous/shout/list,591,,,
29:05.6,/master/welcome,190,,,
29:06.3,/anonymous/shout/create,588,,,
29:07.9,/master/welcome,1147,,,
29:38.7,/anonymous/shout/list,588,,,
29:40.1,/master/welcome,189,,,
29:40.9,/anonymous/shout/create,602,,,
29:41.9,/master/welcome,600,,,
30:12.8,/anonymous/shout/list,589,,,
30:14.2,/master/welcome,194,,,
30:14.9,/anonymous/shout/create,591,,,
30:16.6,/master/welcome,1166,,,
30:47.3,/anonymous/shout/list,590,,,
30:49.3,/master/welcome,190,,,
30:50.0,/anonymous/shout/create,595,,,
30:51.1,/master/welcome,599,,,
31:21.9,/anonymous/shout/list,587,,,
31:23.8,/master/welcome,189,,,
31:24.6,/anonymous/shout/create,597,,,
31:25.7,/master/welcome,602,,,
31:56.4,/anonymous/shout/list,590,,,
31:58.4,/master/welcome,191,,,
31:59.2,/anonymous/shout/create,579,,,
32:00.2,/master/welcome,587,,,
32:31.0,/anonymous/shout/list,589,,,
32:32.5,/master/welcome,194,,,
32:33.3,/anonymous/shout/create,600,,,
32:34.3,/master/welcome,584,,,
33:05.1,/anonymous/shout/list,588,,,
33:07.1,/master/welcome,197,,,
33:07.8,/anonymous/shout/create,602,,,
33:08.9,/master/welcome,585,,,
33:39.7,/anonymous/shout/list,588,,,
33:41.6,/master/welcome,223,,,
33:42.4,/anonymous/shout/create,587,,,
33:43.4,/master/welcome,590,,,
34:14.2,/anonymous/shout/list,590,,,
34:16.2,/master/welcome,194,,,
34:17.0,/anonymous/shout/create,595,,,
34:18.0,/anonymous/shout/create,598,,,
34:18.3,/master/welcome,178,,,
34:19.0,/anonymous/shout/create,600,,,
34:20.1,/anonymous/shout/create,598,,,
34:20.3,/master/welcome,187,,,
34:21.1,/anonymous/shout/create,599,,,
34:22.2,/anonymous/shout/create,597,,,
34:22.5,/master/welcome,178,,,
34:23.2,/anonymous/shout/create,599,,,
34:24.2,/anonymous/shout/create,601,,,
34:24.5,/master/welcome,206,,,
34:25.3,/anonymous/shout/create,600,,,
34:26.4,/anonymous/shout/create,610,,,
34:26.6,/master/welcome,188,,,
34:27.4,/anonymous/shout/create,600,,,
34:28.4,/anonymous/shout/create,599,,,
34:28.7,/master/welcome,208,,,
34:29.5,/anonymous/shout/create,602,,,
34:30.6,/anonymous/shout/create,594,,,
34:30.8,/master/welcome,189,,,
34:31.6,/anonymous/shout/create,585,,,
34:32.6,/anonymous/shout/create,588,,,
34:32.9,/master/welcome,187,,,
34:33.6,/anonymous/shout/create,588,,,
34:34.7,/anonymous/shout/create,599,,,
34:35.0,/master/welcome,190,,,
34:35.7,/anonymous/shout/create,587,,,
34:36.8,/anonymous/shout/create,600,,,
34:37.0,/master/welcome,186,,,
34:37.8,/anonymous/shout/create,599,,,
34:38.9,/anonymous/shout/create,616,,,
34:39.1,/master/welcome,178,,,
34:39.9,/anonymous/shout/create,586,,,
34:41.0,/anonymous/shout/create,613,,,
34:41.2,/master/welcome,188,,,
34:42.0,/anonymous/shout/create,601,,,
34:43.1,/anonymous/shout/create,611,,,
34:46.6,/master/welcome,319,,,
34:46.9,/master/welcome,238,,,
34:47.6,/master/sign-in,594,,,
34:48.9,/master/welcome,587,,,
34:56.1,/master/welcome,235,,,
34:56.8,/master/welcome,603,,,
34:57.1,/master/welcome,205,,,
34:57.3,/master/welcome,178,,,
34:58.0,/anonymous/task/list,603,,,
34:59.3,/master/welcome,209,,,
34:59.5,/master/welcome,177,,,
35:00.2,/anonymous/task/list,590,,,
35:01.4,/master/welcome,194,,,
35:01.6,/master/welcome,175,,,
35:02.4,/anonymous/task/list,606,,,
35:03.6,/master/welcome,193,,,
35:03.8,/master/welcome,189,,,
35:04.6,/master/sign-in,615,,,
35:05.9,/master/welcome,606,,,
35:06.2,/anonymous/task/list,263,,,
35:06.5,/master/welcome,185,,,
35:07.2,/master/welcome,610,,,
35:10.9,/master/welcome,278,,,
35:11.2,/master/welcome,239,,,
35:12.0,/master/sign-in,663,,,
35:13.3,/master/welcome,608,,,
35:20.4,/master/welcome,204,,,
35:21.1,/master/welcome,597,,,
35:21.4,/master/welcome,202,,,
35:22.0,/master/welcome,189,,,
35:22.8,/anonymous/task/list,589,,,
35:24.6,/anonymous/task/show,614,,,
35:25.1,/master/welcome,190,,,
35:25.4,/master/welcome,183,,,
35:26.1,/anonymous/task/list,590,,,
35:28.0,/anonymous/task/show,614,,,
35:28.5,/master/welcome,177,,,
35:28.8,/master/welcome,177,,,
35:29.5,/anonymous/task/list,587,,,
35:31.3,/anonymous/task/show,611,,,
35:32.0,/master/welcome,220,,,
35:32.2,/master/welcome,182,,,
35:32.9,/master/sign-in,583,,,
35:34.2,/master/welcome,606,,,
35:35.0,/manager/task/list,584,,,
35:35.9,/manager/task/show,616,,,
35:36.1,/master/welcome,188,,,
35:36.8,/master/welcome,605,,,
35:37.1,/master/welcome,187,,,
35:37.8,/master/sign-in,599,,,
35:39.1,/master/welcome,602,,,
35:39.4,/manager/task/show,275,,,
35:39.6,/master/welcome,189,,,
35:40.4,/master/welcome,586,,,
35:44.1,/master/welcome,275,,,
35:44.3,/master/welcome,241,,,
35:45.1,/master/sign-in,611,,,
35:46.4,/master/welcome,592,,,
35:53.5,/master/welcome,221,,,
35:54.2,/master/welcome,594,,,
35:54.5,/master/welcome,222,,,
35:54.7,/master/welcome,205,,,
35:55.4,/master/sign-in,589,,,
35:56.7,/master/welcome,613,,,
35:57.5,/authenticated/manager/update,589,,,
35:58.4,/master/welcome,590,,,
35:59.2,/authenticated/manager/update,595,,,
35:59.6,/master/welcome,177,,,
36:00.3,/master/welcome,586,,,
36:00.5,/master/welcome,189,,,
36:00.7,/master/welcome,177,,,
36:01.5,/master/sign-in,614,,,
36:02.7,/master/welcome,611,,,
36:03.6,/authenticated/manager/update,616,,,
36:04.5,/master/welcome,589,,,
36:05.3,/authenticated/manager/update,599,,,
36:05.6,/master/welcome,171,,,
36:06.3,/master/welcome,602,,,
36:06.6,/master/welcome,192,,,
36:06.8,/master/welcome,187,,,
36:07.5,/master/sign-in,597,,,
36:08.8,/master/welcome,613,,,
36:09.7,/authenticated/manager/update,594,,,
36:10.7,/master/welcome,587,,,
36:11.5,/authenticated/manager/update,602,,,
36:11.8,/master/welcome,174,,,
36:12.5,/master/welcome,596,,,
36:12.8,/master/welcome,228,,,
36:13.0,/master/welcome,190,,,
36:13.7,/master/sign-in,596,,,
36:15.0,/master/welcome,603,,,
36:15.8,/authenticated/manager/update,589,,,
36:16.8,/master/welcome,581,,,
36:17.6,/authenticated/manager/update,595,,,
36:18.0,/master/welcome,177,,,
36:18.7,/master/welcome,600,,,
36:18.9,/master/welcome,189,,,
36:19.2,/master/welcome,190,,,
36:19.9,/master/sign-in,593,,,
36:21.1,/master/welcome,588,,,
36:21.9,/authenticated/manager/update,587,,,
36:22.8,/authenticated/manager/update,585,,,
36:23.1,/master/welcome,213,,,
36:23.8,/master/welcome,602,,,
36:24.1,/master/welcome,190,,,
36:24.3,/master/welcome,189,,,
36:25.0,/master/sign-in,594,,,
36:26.2,/master/welcome,586,,,
36:27.1,/authenticated/manager/update,602,,,
36:28.0,/authenticated/manager/update,609,,,
36:28.2,/master/welcome,180,,,
36:28.9,/master/welcome,602,,,
36:29.2,/master/welcome,192,,,
36:29.4,/master/welcome,212,,,
36:30.1,/master/sign-in,596,,,
36:31.4,/master/welcome,601,,,
36:32.3,/authenticated/manager/update,599,,,
36:33.2,/authenticated/manager/update,588,,,
36:33.4,/master/welcome,175,,,
36:34.1,/master/welcome,580,,,
36:34.4,/master/welcome,196,,,
36:34.6,/master/welcome,176,,,
36:35.3,/master/sign-in,590,,,
36:36.6,/master/welcome,612,,,
36:37.4,/authenticated/manager/update,599,,,
36:38.4,/authenticated/manager/update,597,,,
36:38.6,/master/welcome,192,,,
36:40.0,/master/welcome,600,,,
36:40.2,/master/welcome,192,,,
36:40.5,/master/welcome,191,,,
36:41.2,/master/sign-in,617,,,
36:42.5,/master/welcome,661,,,
36:43.4,/authenticated/manager/update,588,,,
36:44.3,/authenticated/manager/update,599,,,
36:44.6,/master/welcome,181,,,
36:45.3,/master/welcome,614,,,
36:45.5,/master/welcome,189,,,
36:45.8,/master/welcome,194,,,
36:46.5,/master/sign-in,600,,,
36:47.8,/master/welcome,610,,,
36:48.6,/authenticated/manager/update,599,,,
36:49.7,/authenticated/manager/update,594,,,
36:49.9,/master/welcome,176,,,
36:50.6,/master/welcome,580,,,
36:54.3,/master/welcome,251,,,
36:54.6,/master/welcome,196,,,
36:55.3,/master/sign-in,610,,,
36:56.6,/master/welcome,592,,,
37:03.7,/master/welcome,191,,,
37:04.4,/master/welcome,602,,,
37:04.7,/master/welcome,189,,,
37:04.9,/master/welcome,174,,,
37:05.6,/anonymous/user-account/create,587,,,
37:07.4,/master/welcome,600,,,
37:07.6,/master/welcome,194,,,
37:08.3,/master/sign-in,584,,,
37:09.6,/master/welcome,595,,,
37:10.5,/authenticated/manager/create,600,,,
37:12.5,/master/welcome,1706,,,
37:13.3,/authenticated/manager/update,600,,,
37:13.6,/master/welcome,191,,,
37:14.3,/master/welcome,584,,,
37:14.6,/master/welcome,190,,,
37:14.8,/master/welcome,174,,,
37:15.5,/anonymous/user-account/create,601,,,
37:17.3,/master/welcome,594,,,
37:17.5,/master/welcome,186,,,
37:18.2,/master/sign-in,610,,,
37:19.6,/master/welcome,612,,,
37:20.5,/authenticated/manager/create,600,,,
37:21.4,/master/welcome,603,,,
37:22.1,/authenticated/manager/update,588,,,
37:22.5,/master/welcome,193,,,
37:23.2,/master/welcome,608,,,
37:23.5,/master/welcome,194,,,
37:23.7,/master/welcome,175,,,
37:24.4,/anonymous/user-account/create,595,,,
37:27.2,/master/welcome,607,,,
37:27.5,/master/welcome,172,,,
37:28.2,/master/sign-in,587,,,
37:29.4,/master/welcome,609,,,
37:30.3,/authenticated/manager/create,600,,,
37:31.3,/master/welcome,603,,,
37:32.1,/authenticated/manager/update,587,,,
37:32.4,/master/welcome,175,,,
37:33.1,/master/welcome,601,,,
37:33.4,/master/welcome,207,,,
37:33.6,/master/welcome,179,,,
37:34.3,/anonymous/user-account/create,612,,,
37:36.1,/master/welcome,616,,,
37:36.4,/master/welcome,195,,,
37:37.1,/master/sign-in,598,,,
37:38.4,/master/welcome,611,,,
37:39.2,/authenticated/manager/create,600,,,
37:40.3,/master/welcome,605,,,
37:41.1,/authenticated/manager/update,596,,,
37:41.4,/master/welcome,192,,,
37:42.1,/master/welcome,616,,,
37:42.4,/master/welcome,184,,,
37:42.6,/master/welcome,173,,,
37:43.4,/anonymous/user-account/create,610,,,
37:45.8,/master/welcome,1176,,,
37:46.1,/master/welcome,189,,,
37:46.8,/master/sign-in,589,,,
37:48.0,/master/welcome,593,,,
37:48.9,/authenticated/manager/create,600,,,
37:49.8,/authenticated/manager/create,613,,,
37:50.0,/master/welcome,172,,,
37:50.7,/master/welcome,601,,,
37:51.0,/master/welcome,190,,,
37:51.2,/master/welcome,194,,,
37:51.9,/anonymous/user-account/create,600,,,
37:54.1,/master/welcome,603,,,
37:54.4,/master/welcome,202,,,
37:55.1,/master/sign-in,614,,,
37:56.4,/master/welcome,611,,,
37:57.3,/authenticated/manager/create,582,,,
37:58.2,/authenticated/manager/create,616,,,
37:58.4,/master/welcome,172,,,
37:59.2,/master/welcome,597,,,
37:59.4,/master/welcome,189,,,
37:59.7,/master/welcome,204,,,
38:00.4,/anonymous/user-account/create,591,,,
38:02.2,/master/welcome,598,,,
38:02.5,/master/welcome,200,,,
38:03.2,/master/sign-in,598,,,
38:04.5,/master/welcome,593,,,
38:05.3,/authenticated/manager/create,585,,,
38:06.1,/authenticated/manager/create,590,,,
38:06.4,/master/welcome,223,,,
38:07.1,/master/welcome,585,,,
38:07.4,/master/welcome,193,,,
38:07.6,/master/welcome,194,,,
38:08.3,/anonymous/user-account/create,603,,,
38:11.2,/master/welcome,632,,,
38:11.5,/master/welcome,203,,,
38:12.2,/master/sign-in,602,,,
38:13.4,/master/welcome,599,,,
38:14.2,/authenticated/manager/create,598,,,
38:15.3,/authenticated/manager/create,602,,,
38:15.5,/master/welcome,175,,,
38:16.2,/master/welcome,597,,,
38:16.5,/master/welcome,176,,,
38:16.7,/master/welcome,180,,,
38:17.4,/anonymous/user-account/create,596,,,
38:19.2,/master/welcome,596,,,
38:19.4,/master/welcome,193,,,
38:20.1,/master/sign-in,597,,,
38:21.4,/master/welcome,613,,,
38:22.2,/authenticated/manager/create,601,,,
38:23.2,/authenticated/manager/create,606,,,
38:23.5,/master/welcome,182,,,
38:24.2,/master/welcome,594,,,
38:24.5,/master/welcome,187,,,
38:24.7,/master/welcome,180,,,
38:25.4,/anonymous/user-account/create,614,,,
38:27.8,/master/welcome,1181,,,
38:28.0,/master/welcome,169,,,
38:28.7,/master/sign-in,615,,,
38:30.0,/master/welcome,596,,,
38:30.8,/authenticated/manager/create,601,,,
38:31.9,/authenticated/manager/create,584,,,
38:32.1,/master/welcome,191,,,
38:32.8,/master/welcome,611,,,
